{
  "project_info": {
    "project_number": "431744389019",
    "firebase_url": "https://fir-login-664a8-default-rtdb.firebaseio.com",
    "project_id": "fir-login-664a8",
    "storage_bucket": "fir-login-664a8.appspot.com"
  },
  "client": [
    {
      "client_info": {
        "mobilesdk_app_id": "1:431744389019:android:d73522452e990275bc9b3e",
        "android_client_info": {
          "package_name": "com.example.docs"
        }
      },
      "oauth_client": [
        {
          "client_id": "431744389019-fha3ja5aqsofbtsikvldg7gt5i6f1jji.apps.googleusercontent.com",
          "client_type": 1,
          "android_info": {
            "package_name": "com.example.docs",
            "certificate_hash": "25b2ae88abd992185ac63ede88ce94e3c3d189c8"
          }
        },
        {
          "client_id": "431744389019-k12ek48tbd7ceau504lc6tcnghdtm6sr.apps.googleusercontent.com",
          "client_type": 3
        }
      ],
      "api_key": [
        {
          "current_key": "AIzaSyD71x_xmdkhkE6e-YG5C0J1WHjrrlmhUSM"
        }
      ],
      "services": {
        "appinvite_service": {
          "other_platform_oauth_client": [
            {
              "client_id": "431744389019-k12ek48tbd7ceau504lc6tcnghdtm6sr.apps.googleusercontent.com",
              "client_type": 3
            }
          ]
        }
      }
    }
  ],
  "configuration_version": "1"
}